#,Course ID,Section,Class Name,Instructor,Department1,ARTS 001,1,History of Western Art,Simons,Art2,ARTS 011,1,Fundamentals of Drawing,Patrick,Art3,ARTS 013,1,Graphic Design and Color,Simons,Art4,ARTS 101,1,History of Western Art,Simons,Art5,ARTS 111,1,Fundamentals of Drawing,Patrick,Art6,ARTS 115,1,Computer Graphics,Crane,Art7,ARTS 117,1,Digital Imaging,Crane,Art8,ARTS 121,1,Beginning Painting: Acrylics,Landau,Art9,ARTS 122,1,Intermediate Painting:Acrylics,Landau,Art10,ARTS 123,1,Advanced Painting: Acrylics,Landau,Art11,ARTS 132,1,Multimedia Printmaking,Simons,Art12,ARTS 134,1,Advanced Printmaking Workshop,Simons,Art13,ARTS 141,1,Beginning Ceramics,Patrick,Art14,ARTS 142,1,Intermediate Ceramics,Patrick,Art15,ARTS 143,1,Advanced Ceramics,Patrick,Art16,ARTS 181,1,Beginning Jewelry and Metal,Patrick,Art17,ARTS 182,1,Intermediate Jewelry and Metal,Patrick,Art18,ARTS 183,1,Advanced Jewelry and Metal,Patrick,Art19,DRAM 099,1,Drama Workshop:,Schlader,Art20,DRAM 099 1,1,Drama Workshop,Schlader,Art21,DRAM 099 2,1,Drama Workshop,Schlader,Art22,BIOL 001A,1,Principles of Biological Science,Loh,Biological Science23,BIOL 001A,2,Principles of Biological Science,Handley,Biological Science24,BIOL 001AL,1,Principles of Biological Science Lab,Loh,Biological Science25,BIOL 001AL,2,Principles of Biological Science Lab,Bach,Biological Science26,BIOL 001B,1,Principles of Biological Science,Smith Miller-Sims,Biological Science27,BIOL 001BL,1,Principles of Biological Science Lab,Smith Miller-Sims,Biological Science28,BIOL 011,1,Human Physiology,Limm,Biological Science29,BIOL 011L,1,Human Physiology Laboratory,Limm,Biological Science30,BIOL 015,1,Human Biology,McPheron,Biological Science31,BIOL 015,2,Human Biology,Hugenberger,Biological Science32,BIOL 017,1,Human Anatomy,Owen,Biological Science33,BIOL 017L,1,Human Anatomy Laboratory,Owen,Biological Science34,BIOL 017L,2,Human Anatomy Laboratory,Owen,Biological Science35,BIOL 020,1,Allied Health Microbiology,Barrett,Biological Science36,BIOL 020L,1,Allied Health Microbiology Laboratory,Barrett,Biological Science37,BIOL 145,1,Medical Microbiology,McLaughlin,Biological Science38,BIOL 145L,1,Medical Microbiology Lab,McLaughlin,Biological Science39,BIOL 185,1,Physiological Chem,Bach,Biological Science40,BIOL 185L,1,Physiological Chemistry Lab,Bach,Biological Science41,BIOL 192W,1,Biology Seminar,Smith,Biological Science42,BIOL 196,1,Internship,Handley,Biological Science43,BIOL 196 1,1,Internship,Handley,Biological Science44,BIOL 196 2,1,Internship,Handley,Biological Science45,BSAD 012,1,Principles of Accounting,Domeier,Business46,BSAD 012,2,Principles of Accounting,Domeier,Business47,BSAD 020,1,Quantitative Analysis for Business and Economics,Saez,Business48,BSAD 030,1,Principles of Management,Sloan,Business49,BSAD 105,1,Decision Analysis For Business,Rohrer,Business50,BSAD 113W,1,Survey of Global Business,Portillo,Business51,BSAD 113W,2,Global Business,Portillo,Business52,BSAD 129,1,Business Finance,Xu,Business53,BSAD 130,1,Business Management,Sloan,Business54,BSAD 148W,1,Organizational Behavior,Stryker,Business55,BSAD 160,1,Principles of Marketing,Chen,Business56,BSAD 165,1,Marketing Research,Costen,Business57,BSAD 171,1,Sports Marketing and Public Relations,Jones,Business58,BSAD 195W,1,Strategic Management,Stryker,Business59,BSAD 196,1,Internship,Stryker,Business60,BSAD 196 1,1,Internship,Stryker,Business61,BSAD 196 2,1,Internship,,Business62,CALP 095,1,Academic Success Strategies,Lyndon,Career and Life Planning63,CALP 191,1,"Leadership, Trans & Social Change I",Prentiss Melrose,Career and Life Planning64,CALP 196,1,Career Exploration: Internship,Nikaido,Career and Life Planning65,CALP 196 1,1,Career Exploration: Internship,Nikaido,Career and Life Planning66,CALP 196 2,1,Career Exploration: Internship,Nikaido,Career and Life Planning67,CHEM 001B,1,General Chemistry and Qualitative Analysis,Grunbaum,Chemistry68,CHEM 001BDis,1,General Chemistry Discussion,Grunbaum,Chemistry69,CHEM 001BL,1,General Chemistry Lab,Grunbaum,Chemistry70,CHEM 007,1,Introductory Chemistry for Health Science,Tsang,Chemistry71,CHEM 007L,1,Intro to Chemistry Laboratory,Tsang,Chemistry72,CHEM 019,1,Organic Chemistry II,Tsang,Chemistry73,CHEM 019L,1,Organic Chemistry II Lab,Tsang,Chemistry74,COMM 108W,1,Professional Writing,Hansen,Communication75,COMM 001,1,Essen Interpersonal Comm/Effect Speaking,Jackson,Communications Studies76,COMM 001,2,Essen Interpersonal Comm/Effect Speaking,Mohammed,Communications Studies77,COMM 001,3,Essen Interpersonal Comm/Effect Speaking,Mohammed,Communications Studies78,COMM 110,1,Presentation Strategies,Jackson,Communications Studies79,COMM 122,1,Mediation and Conflict Resolution,Prentiss,Communications Studies80,COMM 196,1,Internship,Prentiss,Communications Studies81,COMM 196 1,1,Internship,Prentiss,Communications Studies82,COMM 196 2,1,Internship,Prentiss,Communications Studies83,CSCI 010C,1,Spreadsheets,Bender,Computer Systems84,CRIM 120,1,The Criminal Justice System,Gallo,Criminology85,CRIM 196,1,Academic Internship,Gallo,Criminology86,CRIM 196 1,1,Academic Internship,Gallo,Criminology87,CRIM 196 2,1,Academic Internship,Gallo,Criminology88,ECON 002,1,Principles of Economics (Micro),Dave,Economics89,ECON 002,2,Principles Of Economics (Micro),,Economics90,ECON 015,1,Statistical Methods,Rohrer,Economics91,EDUC 100,1,Social Foundations in Education,Mayfield,Education92,EDUC 101,1,Educational Psychology,Henderson,Education93,EDUC 102A,1,Educating Students with Special Needs,Browne,Education94,EDUC 102B,1,Multicultural Education,Epstein,Education95,EDUC 103,1,Theories/Methods Second Language Acquisition,McCall-Perez,Education96,ENGL A,1,Writing Workshop,Hunt,English97,ENGL 001A,1,Critical Reading and Writing I,Hansen,English98,ENGL 001B,1,Critical Reading and Writing II,Odom,English99,ENGL 001B,2,Critical Reading and Writing II,Odom,English100,ENGL 001B,3,Critical Reading and Writing II,Hunt,English101,ENGL 001B,4,Critical Reading and Writing II,Goldweber,English102,ENGL 001B,5,Critical Reading and Writing II,Goldweber,English103,ENGL 001B,6,Critical Reading and Writing II,Hansen,English104,ENGL 001B,7,Critical Reading and Writing II,Hansen,English105,ENGL 001B,8,Critical Reading and Writing II,Hoffman,English106,ENGL 018 1,1,Intensive Writing,Hunt,English107,ENGL 018 2,1,Intensive Writing,Hunt,English108,ENGL 018 3,1,Intensive Writing,Hunt,English109,ENGL 022W,1,Dramatic Literature,Chapman,English110,ENGL 107W,1,Creative Writing,Galindo,English111,ENGL 108W,1,Professional Writing,Hansen,English112,ENGL 122 W,1,Dramatic Literature,Chapman,English113,ENGL 130,1,19th Century American Literature,Schmidt,English114,ENGL 151,1,Children's Literature,Handler,English115,ESLG 018 1,1,Intensive Writing,Hunt,English as a Second Language116,ESLG 018 2,1,Intensive Writing,Hunt,English as a Second Language117,ESLG 018 3,1,Intensive Writing,Hunt,English as a Second Language118,ESLG 019,1,Academic Skills II,Hunt,English as a Second Language119,ESLG 024B,1,Crit Reading/Writing for Non-Native Speakers,Hunt,English as a Second Language120,ESLG 025,1,Techniques of Communicative Interaction,Hunt,English as a Second Language121,FREN 002,1,Elementary French II,Alderman,French122,HIST 017B,1,US History: Survey B,Patrinos,History123,HIST 124,1,Contemporary Europe,Haine,History124,HIST 177,1,Latino/Hispanic Experience,Galindo,History125,HIST 196,1,Internship,Sawada,History126,HIST 196 1,1,Internship,Sawada,History127,HIST 196 2,1,Internship,Sawada,History128,HIST 197,1,History of the Middle East & North Africa,Rasiah,History129,ISAC 002,1,The Premodern World,Park,Integrative Studies Across Cultures130,ISAC 002,2,The Premodern World,Handler,Integrative Studies Across Cultures131,ISAC 004,1,The Contemporary World,Galindo,Integrative Studies Across Cultures132,ISAC 004,2,The Contemporary World,Sawada,Integrative Studies Across Cultures133,ISAC 101,1,The Ancient World,Lago,Integrative Studies Across Cultures134,ISAC 101,2,The Ancient World,Salazar,Integrative Studies Across Cultures135,ISAC 102,1,The Premodern World,Prentiss,Integrative Studies Across Cultures136,ISAC 103,1,The Modern World,Patrick,Integrative Studies Across Cultures137,ISAC 103,2,The Modern World,Rasiah,Integrative Studies Across Cultures138,ISAC 104,1,The Contemporary World,Mayfield,Integrative Studies Across Cultures139,ISAC 195W,1,"Senior Colloquium: ""Film Historical Injustices""",Sawada,Integrative Studies Across Cultures140,ISAC 195W,2,"Senior Colloquium: ""Oakland""",Epstein,Integrative Studies Across Cultures141,ISAC 195W,3,"Senior Colloquium: ""Spiritual Activism""",Salazar,Integrative Studies Across Cultures142,ISAC 195W,4,"Senior Colloquium ""Protest""",Rasiah,Integrative Studies Across Cultures143,ISAC 195W,5,Senior Colloquium: Memory,Handler,Integrative Studies Across Cultures144,LALS 115,1,Latin American Art and Music Experience,Galindo,Latin American and Latino/a Studies145,LALS 196,1,Internship,Galindo,Latin American and Latino/a Studies146,LALS 197,1,Special Topics: Travel Course to Oaxaca,,Latin American and Latino/a Studies147,CHDT 196 1,1,Internship,Rasiah,Liberal Studies148,CHDT 196 1,2,Internship,,Liberal Studies149,LBST 010,1,Introduction to Liberal Studies,Rasiah,Liberal Studies150,LBST 196,1,Internship,Rasiah,Liberal Studies151,LBST 196 1,1,Internship,Rasiah,Liberal Studies152,LBST 196 2,1,Internship,Rasiah,Liberal Studies153,LING 145,1,Fundamentals of Language,Alderman,Linguistics154,LING 154,1,Sociolinguistics,Ward-Jackson,Linguistics155,MATH 151,1,Math for Elementary School Teachers,Lakey,Math156,MATH A,1,Algebra 2 Workshop,Apak,Mathematics157,MATH A,2,Algebra 2 Workshop,Gomez,Mathematics158,MATH C,1,Algebra 1 Workshop,Apak,Mathematics159,MATH 001,1,Precalculus,Gomez,Mathematics160,MATH 012,1,Calculus II,Gomez,Mathematics161,MATH 060,1,Probability & Statistics,Dosalmas,Mathematics162,MUSC 001B,1,World Music,Smith,Music163,MUSC 013A,1,Renaissance to Baroque Music: Musicianship and Theory,Needleman,Music164,MUSC 013B,1,Renaissance to Baroque Music: History and Theory,Hofer,Music165,MUSC 016,1,Private Lessons,Hofer,Music166,MUSC 017,1,Private Lessons/Second Instrument,Hofer,Music167,MUSC 020B,1,Piano Class,Tsai,Music168,MUSC 022B,1,Voice Class,Steward,Music169,MUSC 060,1,HNU Chorus,Steward,Music170,MUSC 061,1,HNU Chamber Singers,Horvath,Music171,MUSC 062,1,HNU Chamber Ensemble,Hofer,Music172,MUSC 063,1,HNU Orchestra,Hofer,Music173,MUSC 064,1,Piano Ensemble,Varney,Music174,MUSC 065,1,Accompanying,Hofer,Music175,MUSC 071C,1,Perspectives in Music: History of Jazz,Binkov,Music176,MUSC 094,1,Medieval & Renaissance Music Theory & History,Hofer,Music177,MUSC 102,1,Bytes&Notes:IntroComputerTechnology,Hofer,Music178,MUSC 105AW,1,Classical Music II: Musicianship & Theory,Needleman,Music179,MUSC 105BW,1,Classical Music II: History & Theory,Cakebread,Music180,MUSC 108A,1,Music of the 20th and 21st Centuries:Musicianship and Theory,Horvath,Music181,MUSC 108B,1,Music of the 20th and 21st Centuries: History and Theory,Hofer,Music182,MUSC 116,1,Private Lessons,Hofer,Music183,MUSC 117,1,Private Lessons / Second Instrument,Hofer,Music184,MUSC 120B,1,Piano Class,Tsai,Music185,MUSC 122B,1,Class Voice,Steward,Music186,MUSC 124,1,Opera Scenes Workshop,Kanouse,Music187,MUSC 160,1,HNU Chorus,Steward,Music188,MUSC 161,1,HNU Chamber Singers,Horvath,Music189,MUSC 162,1,HNU Chamber Ensemble,Hofer,Music190,MUSC 163,1,HNU Orchestra,Hofer,Music191,MUSC 164,1,Piano Ensemble,Varney,Music192,MUSC 165,1,Accompanying,Hofer,Music193,MUSC 171C,1,Perspectives in Music: History of Jazz,Binkov,Music194,MUSC 181B,1,Choral Conducting,Horvath,Music195,MUSC 190A,1,Recital,Hofer,Music196,MUSC 190B,1,Recital,Hofer,Music197,NUTR 001,1,Fund of Nutrition,Peters,Nutrition198,PHIL 040W,1,The Human Person,Lassalle-Klein,Philosophy199,PHIL 040W,2,The Human Person,Park,Philosophy200,PHIL 040W,3,The Human Person,Lassalle-Klein,Philosophy201,PHIL 140W,1,The Human Person,Lassalle-Klein,Philosophy202,PHIL 140W,2,The Human Person,Park,Philosophy203,PHIL 140W,3,The Human Person,Lassalle-Klein,Philosophy204,PHIL 156,1,Ethics at Work,Harrison,Philosophy205,PHIL 180A,1,Tutorial: Theories of Knowledge,Gibson,Philosophy206,PHED 010,1,StrnghtTrainingFitn,Sanchez,Physical Education207,PHED 010,2,StrnghtTrainingFitn,Sanchez,Physical Education208,PHED 010,3,StrnghtTrainingFitn,Sanchez,Physical Education209,PHED 062,1,Intercollegiate:Basketball-Men,Sanchez,Physical Education210,PHED 062,2,Intercollegiate:Basketball-Women,Turner,Physical Education211,PHED 064,1,Intercol: Volleyball - Men,Combs,Physical Education212,PHED 064,2,Intercol: Volleyball - Women,Combs,Physical Education213,PHED 068,1,Intrcol:CrossCountry - Men,Rau,Physical Education214,PHED 068,2,Intercol: Cross Country - Women,Rau,Physical Education215,PHED 070,1,Intercollegiate:Golf - Men,Stone,Physical Education216,PHED 072,1,Intcol:Soccer Men,Yamagishi,Physical Education217,PHED 072,2,Intcol:Soccer Women,Yamagishi,Physical Education218,PHED 074,1,Intercollegiate Softball,Thuer,Physical Education219,PHED 075,1,Intercol Tennis- Women,Howard,Physical Education220,PHED 076,1,Intercol Baseball,Carrion,Physical Education221,PHED 097,1,Special Topics: Yoga,Lago,Physical Education222,PHED 097,2,Special Topics: Hula,Patrinos,Physical Education223,PHED 110,1,Physical Education for Teachers,Trampleasure,Physical Education224,PHED 162,1,Intercollegiate:Basketball-Men,Sanchez,Physical Education225,PHED 162,2,Intercollegiate:Basketball-Women,Turner,Physical Education226,PHED 164,1,Intercol: Volleyball- Men,Combs,Physical Education227,PHED 164,2,Intercol: Volleyball - Women,Combs,Physical Education228,PHED 168,1,Intrcol: CrossCountry- Men,Rau,Physical Education229,PHED 168,2,Intercol: Cross Country - Women,Rau,Physical Education230,PHED 170,1,Intercollegiate:Golf,Stone,Physical Education231,PHED 172,1,Intcol:Soccer Men,Yamagishi,Physical Education232,PHED 172,2,Intcol:Soccer Women,Yamagishi,Physical Education233,PHED 174,1,Intercollegiate Softball,Thuer,Physical Education234,PHED 175,1,Intercol: Tennis - Women,Howard,Physical Education235,PHED 176,1,Intercol: Baseball,Carrion,Physical Education236,PHSC 015,1,Fundamentals Of Phys Science,Demirlioglu,Physical Science237,PHYS 008B,1,General Physics II,Demirlioglu,Physics238,PHYS 008BL,1,General Physics II Laboratory,Demirlioglu,Physics239,PSCI 120,1,Dynamics Of International Relations,Patrinos,Political Science240,PSCI 196,1,Internship,Patrinos,Political Science241,PSCI 196 1,1,Internship,Patrinos,Political Science242,PSCI 196 2,1,Internship,Patrinos,Political Science243,PSYC 001,1,Intro to Psychology,Hannon,Psychology244,PSYC 020,1,Intro Psych Seminar:Psych Of Humor,Lampert,Psychology245,PSYC 030,1,IntroLife-SpanDvlpmt,Chin-Newman,Psychology246,PSYC 063,1,Statistical Methods,Shopshire,Psychology247,PSYC 100W,1,Experimental Psychology,Lampert,Psychology248,PSYC 108W,1,Field Methods,Franskoviak,Psychology249,PSYC 120,1,Learning and Cognition,Lampert,Psychology250,PSYC 147,1,Gender Issues,Patrinos,Psychology251,PSYC 160,1,Psychology of Personality,Isaacson,Psychology252,PSYC 195W,1,Senior Seminar,Isaacson,Psychology253,PSYC 195W,2,Senior Seminar,Isaacson,Psychology254,PSYC 196,1,Internship,Lampert,Psychology255,PSYC 196,2,Internship,Isaacson,Psychology256,PSYC 196 1,1,Internship,Lampert,Psychology257,PSYC 196 1,2,Internship,Isaacson,Psychology258,PSYC 196 2,1,Internship,Lampert,Psychology259,PSYC 196 2,2,Internship,Isaacson,Psychology260,PSYC 197,1,Special Topics: Psychology of Humor,Lampert,Psychology261,PSYC 197 1,1,Special Topics: Psychology Conventions,,Psychology262,RLST 015,1,Introduction to the New Testament,Park,Religious Studies263,RLST 075,1,World Wisdom Traditions,Sylvester,Religious Studies264,RLST 115,1,Introduction to the New Testament,Park,Religious Studies265,RLST 130A,1,Spirituality and Social Justice,Park,Religious Studies266,RLST 175,1,World Wisdom Traditions,Sylvester,Religious Studies267,RLST 177,1,Religion in Mexico,Lassalle-Klein,Religious Studies268,RLST 197 2,1,Special Topics: Travel Course to Mexico,Galindo Lassalle-Klein,Religious Studies269,SOCI 001,1,Intro to Sociology,Dukes,Sociology270,SOCI 063,1,Statistical Methods,Shopshire,Sociology271,SOCI 102W,1,Global Perspectives,Rasiah,Sociology272,SOCI 105,1,Statistical Methods,Shopshire,Sociology273,SOCI 108W,1,Field Methods,Franskoviak,Sociology274,SOCI 147,1,Gender Issues,Patrinos,Sociology275,SOCI 165,1,Racial & Ethnic Issues,Dukes,Sociology276,SOCI 177,1,Latino/Hispanic Experience,Galindo,Sociology277,SOCI 196,1,Internship,Gallo,Sociology278,SOCI 196 1,1,Internship,Gallo,Sociology279,SOCI 196 2,1,Internship,Gallo,Sociology280,SPST 002,1,Beginning Spanish II,Berumen-Mangum,Spanish Studies281,SPST 004,1,Intermediate Spanish II,Berumen-Mangum,Spanish Studies282,SPST 101W,1,Advanced Spanish: Reading and Writing,Berumen-Mangum,Spanish Studies283,SPST 102,1,AdvSpan:Listen&Speak,Berumen-Mangum,Spanish Studies1,ARTSA197,1,Special Topics: Art of Today,Simons,Art2,BIOLA001A,1,Principles of Biological Science,Limm,Biological Science3,BIOLA001AL,1,Principles of Biological Science Lab,Limm,Biological Science4,BIOLA011,1,Human Physiology,Peters,Biological Science5,BIOLA011L,1,Human Physiology Laboratory,Hugenberger,Biological Science6,BIOLA017,1,Human Anatomy,Owen,Biological Science7,BIOLA017L,1,Human Anatomy Laboratory,Owen,Biological Science8,BIOLA020,1,Allied Health Microbiology,Barrett,Biological Science9,BIOLA020L,1,Allied Health Microbiology Laboratory,Pirkle,Biological Science10,BSADA011,1,Principles of Accounting,Jacobus,Business11,BSADA020,1,Quantitative Analysis for Business,Saez,Business12,BSADA105,1,Decision Analysis for Business,Ohwobete,Business13,CHEMA007,1,Intro Chemistry for Health Science,Schwietert,Chemistry14,CHEMA007L,1,Intro to Chemistry for Health Science Lab,Schwietert,Chemistry15,COMMA001,1,Essential Interpersonal Comm/Effect Speaking,Martin,Communications Studies16,COMMA101,1,Organizational Communication,Martin,Communications Studies17,ENGLA001A,1,Critical Reading & Writing I,Hart,English18,ENGLA001B,1,Critical Reading & Writing II,Hart,English19,ENGLA120,1,Fiction,Handler,English20,HISTA183,1,California History,Sawada,History21,ISACA102,1,Premodern World,Lago,Integrative Studies Across Cultures22,ISACA104,1,Contemporary World,Lago,Integrative Studies Across Cultures23,ISACA195W,1,"Sr. Colloquium: ""Garbage""",Gibson,Integrative Studies Across Cultures24,LINGA145,1,Fundamentals of Language,Johnson,Linguistics25,MATHA A,1,Algebra 2 Workshop,Andronic,Mathematics26,MATHA A,2,Algebra 2 Workshop,Andronic,Mathematics27,MATHA C,1,Algebra I Workshop,Levy,Mathematics28,MATHA R,1,Refresher Mathematics Workshop,Imara,Mathematics29,PHILA140W,1,The Human Person,Tanner,Philosophy30,PHSCA015,1,Fund Of Phys Science,Demirlioglu,Physical Science31,PSYCA001,1,Introduction to Psychology,Gade,Psychology32,PSYCA063,1,Statistical Methods,Shopshire,Psychology33,PSYCA167,1,Counseling Theories,Feren,Psychology34,SOCIA001,1,Intor to Sociology,Huff,Sociology35,SOCIA063,1,Statistical Methods,Shopshire,Sociology36,SOCIA105,1,Statistical Methods,Shopshire,Sociology1,BIOLA180,1,Epidemiology,Dukes,Biology2,NURSA001,1,The Transition to Role of RN,Thomas,Nursing3,NURSA009,1,Fundamentals of Nursing,Idowu,Nursing4,NURSA009L,1,Fundamentals of Nursing Lab,Idowu,Nursing5,NURSA009L,2,Fundamentals of Nursing Lab,,Nursing6,NURSA010,1,Care of Adults,D'Autruche,Nursing7,NURSA010L,1,Care of Adults Clinical,Rajan,Nursing8,NURSA010L,2,Care of Adults Clinical,Olsen-Vanoni,Nursing9,NURSA010L,3,Care of Adults Clinical,,Nursing10,NURSA011,1,Care of the Mentally Ill,Thomas,Nursing11,NURSA011L,1,Care of the Mentally Ill Clinical,Berry,Nursing12,NURSA011L,2,Care of the Mentally Ill Clinical,Corlito,Nursing13,NURSA031,1,Health Assessment,,Nursing14,NURSA041,1,Nursing Research,Edelstein,Nursing15,NURSA120,1,Maternal Health,Ronquillo,Nursing16,NURSA120L,1,Maternal Health Clinical,Brown-Price,Nursing17,NURSA120L,2,Maternal Health Clinical,Chop,Nursing18,NURSA130,1,Care of Children,Cockerham,Nursing19,NURSA130L,1,Care of Children Clinical,,Nursing20,NURSA130L,2,Care of Children Clinical,,Nursing21,NURSA130L,3,Care of Children Clinical,,Nursing22,NURSA130L,4,Care of Children Clinical,,Nursing23,NURSA140,1,Care of the Elderly,Prasad,Nursing24,NURSA140L,1,Care of the Elderly Clinical,Botchey,Nursing25,NURSA140L,2,Care of the Elderly Clinical,Jackson,Nursing26,NURSA142L,1,Community Health Nursing Clinical,Edelstein,Nursing27,NURSA142L,2,Family/Comm Health Nursing I Practicum,Edelstein,Nursing28,NURSA142W,1,Community Health Nursing,Edelstein,Nursing29,NURSA151,1,Leardership & Management In Nursing,Pinio,Nursing30,NURSA151L,1,Leadership/Managemt Nursing Practicum,Earls,Nursing31,NURSA151L,2,Leadership/Managemt Nursing Practicum,Earls,Nursing32,NURSA161,1,Evidence Based Nursing Practice,Edelstein,Nursing1,ISACN195W,1,"Senior Colloq ""The Search for Meaning in Modern Art and Lit""",Handler,Integrative Studies Across Cultures2,NURSN131,1,Health Assessment,Corpuz,Nursing3,NURSN142L,1,Community Health Nursing Lab,Davis,Nursing4,NURSN142W,1,Community Health Nursing,Canton,Nursing5,NURSN195W,1,Senior Seminar,Coicou,Nursing6,RLSTN175,1,World Wisdom Traditions,Harrison,Religious Studies7,SOCIN105,1,Statistical Methods,Shopshire,Sociology8,SOCIN156,1,Sociology of Health Care & Health Policy,Thomas,Sociology1,BSAD 229,1,Financial Management,Xu,Business2,CPSY 208,1,Substance Abuse Assessment and Treatment,Franskoviak,Counseling Psychology3,CPSY 209A,1,"Assess, Diagnosis and Treatment of Victim",Gallo,Counseling Psychology4,CPSY 209B,1,"Assess, Diagnosis and Treatment of the Offender",Gallo,Counseling Psychology5,CPSY 212,1,ForensicPsycSeminar,Kelley,Counseling Psychology6,CPSY 215,1,The Law and Professional Ethics,Silva,Counseling Psychology7,CPSY 226,1,Adv Issues in Correct & Comm Counseling,Byars,Counseling Psychology8,CPSY 235,1,Advanced Human Diversity Issues,Smith,Counseling Psychology9,CPSY 240A,1,Alcohol & Chemical Dependency,Strouzas,Counseling Psychology10,CPSY 240B,1,Child Abuse Assessment and Reporting,Byars,Counseling Psychology11,CPSY 245A,1,Human Sexuality & Counseling,Feren,Counseling Psychology12,CPSY 245B,1,Psychopharmacology,Gharib,Counseling Psychology13,CPSY 245C,1,HIV/AIDS Assessment and Treatment,Strouzas,Counseling Psychology14,CPSY 260,1,Treatment of Children,Kim,Counseling Psychology15,CPSY 265,1,Group Psychotherapy,Strouzas,Counseling Psychology16,CPSY 265 2,1,Group Psychotherapy,Strouzas,Counseling Psychology17,CPSY 273,1,Traumatology and Demographics,Walsh,Counseling Psychology18,CPSY 274,1,"Neurobiology of Trauma: Risk,Resiliency &PositivePsychology",Isaacson,Counseling Psychology19,CPSY 280 2,1,Psychological Assessment,Franskoviak,Counseling Psychology20,CPSY 285,1,Intro to Supervised Practicum/Case Seminar,Strouzas,Counseling Psychology21,CPSY 290,1,Supervised Practicum and Case Seminar I,Shoemaker,Counseling Psychology22,CPSY 290,2,Supervised Practicum and Case Seminar I,Silva,Counseling Psychology23,CPSY 295,1,Supervised Practicum and Case Seminar I,Shoemaker,Counseling Psychology24,CPSY 297,1,Special Topics:Career Development Theories and Techniques,Byars,Counseling Psychology25,CPSY 298,1,Integrating Seminar,Shoemaker,Counseling Psychology26,EDUC 200,1,Social Foundations in Education,Mayfield,Education27,EDUC 201,1,Educational Psychology,Henderson,Education28,EDUC 202B,1,Multicultural Education,Epstein,Education29,EDUC 203,1,Theories/Methods Second Language Acquisition,McCall-Perez,Education30,EDUC 241,1,Issues in Urban Education,Epstein,Education31,EDUC 265,1,Behavior Management,Kosmos,Education32,EDUC 266,1,Practicum in Assessment,Marshall,Education33,EDUC 267,1,Counseling/Collaboration Skills for Professionals,Kosmos,Education34,EDUC 268A,1,Role of The Eductional Therapist,Marshall,Education35,EDUC 271,1,Technology for Students with MM Disabilities,Pachelo,Education36,EDUC 290,1,Educational Research,McCall-Perez,Education37,EDUC 292,1,Educational Evaluation,Battle,Education38,EDUC 293,1,Proposal Development,,Education39,EDUC 293 2,1,Proposal Development,,Education40,EDUC 296,1,Using Educational Research Tools,Battle,Education41,EDUC 297,1,"Professional Academic Writing, Graduate Level",Johnson,Education42,EDUC 297 2,1,"Professional Academic Writing, Graduate Level",Johnson,Education43,EDUC 298A,1,Culminating Scholarly Activity,McCall-Perez,Education44,EDUC 298A,2,"Masters Culminating Activity, in progress",Marshall,Education45,EDUC 298A,3,"Masters Culminating Activity, in progress",Maestre,Education46,EDUC 298A,4,"Masters Culminating Activity, in progress",Battle,Education47,EDUC 298A,5,"Masters Culminating Activity, in progress",Johnson,Education48,EDUC 298B,1,"Masters Culminating Activity, in progress",McCall-Perez,Education49,EDUC 298B,2,"Masters Culminating Activity, in progress",Marshall,Education50,EDUC 298B,3,"Masters Culminating Activity, in progress",Maestre,Education51,EDUC 298B,4,"Masters Culminating Activity, in progress",Henderson,Education52,EDUC 298B,5,"Masters Culminating Activity, in progress",Battle,Education53,EDUC 298B,6,"Masters Culminating Activity, in progress",Johnson,Education54,EDUC 298C,1,"Masters Culminating Activity, in progress",McCall-Perez,Education55,EDUC 298C,2,"Masters Culminating Activity, in progress",Marshall,Education56,EDUC 298C,3,"Masters Culminating Activity, in progress",Maestre,Education57,EDUC 298C,4,"Masters Culminating Activity, in progress",Henderson,Education58,EDUC 298C,5,"Masters Culminating Activity, in progress",Battle,Education59,EDUC 298C,6,"Masters Culminating Activity, in progress",Johnson,Education60,ENGL 220,1,Fiction,Handler,English61,LING 245,1,Fundamentals of Language,Johnson,Linguistics62,MUSC 216,1,Private Lessons,Hofer,Music63,MUSC 224,1,Opera Scenes Workshop,Kanouse,Music64,MUSC 226,1,Studies in Piano Literature,Woo,Music65,MUSC 231,1,Grad Sem in Musical Lit,Hofer,Music66,MUSC 243B,1,Folk Music,Laskey,Music67,MUSC 244B,1,Solfege and Musicianship,Horvath,Music68,MUSC 247B,1,Kodaly Pedagogy,Laskey,Music69,MUSC 252,1,Advanced Piano Pedagogy,Varney,Music70,MUSC 255,1,Advanced Vocal Pedagogy,Howe,Music71,MUSC 261,1,HNU Chamber Singers,Horvath,Music72,MUSC 262,1,HNU Chamber Ensemble,Hofer,Music73,MUSC 263,1,HNU Orchestra,Hofer,Music74,MUSC 264,1,Advanced Piano Ensemble,Varney,Music75,MUSC 265,1,Advanced Accompanying,Hofer,Music76,MUSC 281B,1,Choral Conducting,Horvath,Music77,MUSC 290A,1,Recital,Howe,Music78,MUSC 290B,1,Recital,Hofer,Music79,MUSC 291A,1,Master's Project,Howe,Music80,MUSC 296B,1,Practicum,Laskey,Music81,MUSC 296D,1,Practicum/Piano,Chung,Music82,MUSC 296F,1,Practicum/Vocal,Howe,Music83,NURS 253L,1,Primary Care Thru Lifespan IV Lab,,Nursing84,SPIR 201 4,1,Core Cs: Geo-Wisdom-Cosmol&Hum Spirit,Conlon,Spirituality85,SPIR 204,1,Core Course: Weekend Component,Conlon,Spirituality86,SPIR 204 2,1,Core Course Weekend Component,Conlon,Spirituality87,SPIR 211B,1,Public Forum,Conlon,Spirituality88,SPIR 212,1,Sophia Wisdom Circle,Conlon,Spirituality89,SPIR 213,1,Sophia Praxis,Conlon,Spirituality90,SPIR 213 3,1,Sophia Praxis,Conlon,Spirituality91,SPIR 225,1,Visions of the Future,,Spirituality92,SPIR 227,1,Mystics of Modern World,Flinders,Spirituality93,SPIR 265,1,Archtypal Myth. DreamWork,Friedman,Spirituality94,SPIR 290B,1,Cosmology & the Human Spirit,Conlon,Spirituality95,SPIR 291B,1,"Spirit of Earth, Art, Spirit",Conlon,Spirituality96,SPIR 298,1,Master's Project,Conlon,Spirituality1,NURS 251AL,1,Primary Care I Lab,,Nursing2,NURS 251BL,1,Primary Care II Lab,,Nursing3,NURS 252L,1,Primary Care Thru Lifespan III Lab,,Nursing1,EDUC 305,1,Latino Culture,McCall-Perez,Education2,EDUC 320A,1,Student Teaching Introduction: Single Subject,,Education3,EDUC 320B,1,Student Teaching Practicum: Single Subject,Hamadeh,Education4,EDUC 320C,1,Student Teaching in the Secondary School,Epstein,Education5,EDUC 320C 10,1,Student Teaching in the Secondary School,Epstein,Education6,EDUC 320C 9,1,Student Teaching in the Secondary School,Epstein,Education7,EDUC 320I,1,Internship Teaching in a Secondary School,Epstein,Education8,EDUC 320I 1,1,Internship Teaching,Epstein,Education9,EDUC 320I 3,1,Internship Teaching in Secondary School,Epstein,Education10,EDUC 320I 5,1,Internship Teaching in Secondary School,Epstein,Education11,EDUC 329,1,PACT 2 Support,Maestre,Education12,EDUC 329,2,PACT 2 Support,Henderson,Education13,EDUC 330A,1,Student Teaching in the Elementary School,Johnson,Education14,EDUC 330B,1,Internship Teaching: Multiple Subject,Maestre,Education15,EDUC 330C,1,Student Teaching in the Elementary School,Johnson,Education16,EDUC 330I,1,Internship Teaching:MultipleSubject,Maestre,Education17,EDUC 330I 2,1,"Internship Teaching, Multi-Subject",Maestre,Education18,EDUC 330I 3,1,"Internship Teaching, Multiple Subject",Maestre,Education19,EDUC 331,1,C & I Elementary School: Mathematics,Ruiz,Education20,EDUC 334,1,Curr/Instr Elementary School: Reading,Loecher,Education21,EDUC 335,1,Curr/Instr Secondary School: Reading,Richter,Education22,EDUC 341,1,C&I Elementary Schools for Special Educ Teachers:Mathematics,Ruiz,Education23,EDUC 361,1,"Field Studies Practicum, MM Disabilities",Parker-West,Education24,EDUC 361I,1,Special Education Internship Teaching,Parker-West,Education1,CPSY 408,1,Substance Abuse Assessment and Treatment,Franskoviak,Counseling Psychology2,CPSY 409A,1,"Assess, Diagnosis and Treatment of Victim",Gallo,Counseling Psychology3,CPSY 409B,1,"Assess, Diagnosis and Treatment of the Offender",Gallo,Counseling Psychology4,CPSY 412,1,Forensic Psychology Prof. Prac Sem,Kelley,Counseling Psychology5,CPSY 426,1,Adv Issues in Correct & Community Counseling,Byars,Counseling Psychology6,CPSY 473,1,Traumatology and Demographics,Walsh,Counseling Psychology7,CPSY 474,1,"Neurobiology of Trauma: Risk,Resiliency &PositivePsychology",,Counseling Psychology8,CPSY 485,1,Intro to Supervised Practicum/Case Seminar,Strouzas,Counseling Psychology9,CPSY 490,1,Supervised Practicum and Case Seminar I,Shoemaker,Counseling Psychology10,CPSY 490,2,Supervised Practicum and Case Seminar I,Silva,Counseling Psychology11,CPSY 495,1,Supervised Practicum & Case Seminar,Shoemaker,Counseling Psychology12,EDUC 400,1,Social Foundations in Education,Mayfield,Education13,EDUC 401,1,Educational Psychology,Henderson,Education14,EDUC 402B,1,Multicultural Education,Epstein,Education15,EDUC 434,1,Curr/Instr Elementary School: Reading,Loecher,Education16,EDUC 459,1,Neuropsychological Principles in Education,,Education17,EDUC 460,1,Practicum for Educational Therapists,Marshall,Education18,EDUC 466,1,Practicum in Assessment,Marshall,Education19,EDUC 467,1,Counseling/Collaboration Skills for Professionals,Kosmos,Education20,EDUC 468A,1,Role of the Educational Therapist,Marshall,Education21,EDUC 471,1,Technology for Students with MM Disabilities,Pachelo,Education22,NURS 451AL,1,Primary Care I Lab,,Nursing23,NURS 451BL,1,Primary Care II Lab,,Nursing24,NURS 452L,1,Primary Care Thru Lifespan III,,Nursing25,NURS 453L,1,Primary Care Thru Lifespan IV Lab,,Nursing26,SPIR 401,1,Core Cs: Geo-Wisdom-Cosmol/Hum Spirit,Conlon,Spirituality27,SPIR 404,1,Core Course Weekend Component,Conlon,Spirituality28,SPIR 404 2,1,Core Course Weekend Component,Conlon,Spirituality29,SPIR 411B,1,Public Forum,Conlon,Spirituality30,SPIR 412,1,Sophia Wisdom Circle,Conlon,Spirituality31,SPIR 413,1,Sophia Praxis,Conlon,Spirituality32,SPIR 413 3,1,Sophia Praxis,Conlon,Spirituality33,SPIR 425,1,Visions of the Future,,Spirituality34,SPIR 427,1,Mystics of Modern World,Flinders,Spirituality35,SPIR 465,1,Archetypal Mythology in Dreamwork,Friedman,Spirituality36,SPIR 490B,1,Cosmology & the Human Spirit,Conlon,Spirituality37,SPIR 491B,1,"Spirit of Earth, Art & Spirit, Weekends",Conlon,Spirituality38,SPIR 499 1,1,Independent Study: Visions,Conlon,Spirituality1,BSADA010,1,Principles of Accounting,Jacobus,Business2,BSADA130,1,Business Management,Stryker,Business3,BSADA145,1,Human Resource Management,Jorden,Business4,BSADA161,1,Consumer Behavior,Chen,Business5,COMMA108W,1,Professional Writing,Schmidt,Communications Studies6,ECONA001,1,Principles of Economics (Macro),Dave,Economics7,ECONA002,1,Principles of Economics (Micro),Dave,Economics8,ECONA015,1,Statistical Methods,Rohrer,Economics9,ENGLA108W,1,Professional Writing,Schmidt,English10,PSYCA131,1,Adult Development and Aging,Franskoviak,Psychology11,RLSTA122,1,"Religion, Philiosophy, and Human Rights",Lassalle-Klein,Religious Studies1,BSAD 230,1,Advanced Management: Leading Change,Sadler,Business2,BSAD 237,1,Investments,Xu,Business3,BSAD 241,1,Environmental Economics,Saez,Business4,BSAD 250,1,Leadership Development,Stoneham,Business5,BSAD 261,1,Diverse Consumer Behavior,Chen,Business6,ENGL 203A,1,History of Composition and Rhetoric,Chapman,English7,NURS 253L,1,Primary Care Thru Lifespan IV Lab,,Nursing8,SPIR 254,1,Tai Chi,Dwyer,Spirituality9,SPIR 297,1,Special Topics: Embodying Ecological Action and Vision,Firpo,Spirituality1,NURS 214,1,Health Promotion,Mangini Kilborn Ogunlana,Nursing2,NURS 216,1,Health Economics & Organization Des,Lalchandani,Nursing3,NURS 216,2,Health Economics & Organization Des,Dukes,Nursing4,NURS 217A,1,Scientific Inquiry,Canton,Nursing5,NURS 217A,2,Scientific Inquiry,Williams,Nursing6,NURS 220,1,Management & Development,Jenkins-Weinrub,Nursing7,NURS 234B,1,Managing Health Care Delivery,Jenkins-Weinrub,Nursing8,NURS 240,1,Advanced Health Assessment,Mangini,Nursing9,NURS 240,2,Advanced Health Assessment,Mangini,Nursing10,NURS 240L,1,Advanced Health Assessment Lab,Kilborn,Nursing11,NURS 240L,2,Advanced Health Assessment Lab,Garcia Kilborn,Nursing12,NURS 240L,3,Advanced Health Assessment Lab,Kilborn Paulson,Nursing13,NURS 240L,4,Advanced Health Assessment Lab,Kilborn Bird Balassone,Nursing14,NURS 251AL,1,Primary Care I Lab,,Nursing15,NURS 251BL,1,Primary Care II Lab,,Nursing16,NURS 252,1,Primary Care Thru Lifespan III,Kilborn,Nursing17,NURS 252L,1,Primary Care Thru Lifespan III Lab,,Nursing18,NURS 265A,1,Clinical Faculty Practicum I,Canton,Nursing1,EDUC 353B,1,"Using Computers in the K-12 Classroom, Level 1",Pachelo,Education2,EDUC 359,1,Consultation and Colllaboration for Students with ASD,Waissman,Education1,NURS 414,1,Hlth Promo/Risk Reduc of Diverse Pop,Mangini,Nursing2,NURS 420,1,Concept/Theor Nursing Admin/Manage,Jenkins-Weinrub,Nursing3,NURS 434B,1,Man Hlthcare Del/Div Pop/Comm Env I,Jenkins-Weinrub,Nursing4,NURS 440,1,Advanced Health Assessment,Mangini,Nursing5,NURS 440L,1,Advanced Heath Assessment Lab,Kilborn,Nursing6,NURS 451AL,1,Primary Care I Lab,,Nursing7,NURS 451BL,1,Primary Care II Lab,,Nursing8,NURS 452,1,Primary Care Family through Lifespan III,Kilborn,Nursing9,NURS 452L,1,Primary Care Thru Lifespan III,,Nursing10,NURS 453L,1,Primary Care Thru Lifespan IV Lab,,Nursing11,NURS 465A,1,Clinical Faculty Practicum I,Canton,Nursing12,SPIR 454,1,Tai Chi,Dwyer,Spirituality13,SPIR 497,1,Special Topics: Embodying Ecological Action and Vision,Firpo,Spirituality1,BSAD 196 1,1,Internship,Stryker,Business1,BSADA011,1,Principles of Accounting,Jacobus,Business2,BSADA018,1,Business Law,Bunter,Business3,BSADA165,1,Marketing Research,Chen,Business4,BSADA195W,1,Strategic Management,Ohwobete,Business5,COMMA108W,1,Professional Writing,,Communications Studies6,COMMA196,1,Communication Internships,Prentiss,Communications Studies7,COMMA196 1,1,Communication Internships,Prentiss,Communications Studies8,COMMA196 2,1,Internship,Prentiss,Communications Studies9,CSCIA010C,1,Spreadsheets,Bender,Computer Systems10,ENGLA108W,1,Professional Writing,,English11,ENGLA121,1,Poetry,Goldweber,English12,HISTA126,1,"City:Culture, History, & Power",Haine,History13,PHILA151,1,Ethics: The Problem of Friendship,Gibson,Philosophy14,RLSTA175,1,World Wisdom Traditions,Truxler,Religious Studies15,SOCIA160,1,"City:Culture, History, & Power",Haine,Sociology2,BSAD 243,1,Public Finance and Management,Saez,Business3,BSAD 253,1,Building Learning Organizations,Sadler Stryker,Business4,BSAD 260,1,Marketing Management,Proboll,Business5,BSAD 263,1,The Global Imperative: Strategic Marketing,Chen,Business6,BSAD 265,1,Marketing Research,Proboll,Business7,BSAD 295,1,Strategy in Global Environment,Ohwobete,Business8,CPSY 293,1,Community Mental Health C,Kim,Counseling Psychology9,EDUC 268B,1,Role of The Eductional Therapist,Marshall,Education10,ENGL 221,1,Poetry,Goldweber,English11,ENGL 298,1,Final Project,Schmidt,English12,NURS 253L,1,Primary Care Thru Lifespan IV Lab,,Nursing13,SPIR 243,1,Paint. As Spont. Expression,Houck,Spirituality14,SPIR 262A,1,Indigenous Wisdom Anc. Stories,Walking Tree,Spirituality1,NURS 217B,1,Capstone,,Nursing3,NURS 223,1,Finance & Budgeting in Health Care,Maxworthy,Nursing4,NURS 224,1,Human Resource Management & Develop,Jenkins-Weinrub,Nursing5,NURS 235,1,Prov Ldrsgip/Hlth Del/Div Pop/Comm II,Jenkins-Weinrub,Nursing6,NURS 241,1,Primary Care Family Thru Lifespan I,Mangini,Nursing7,NURS 244,1,Advanced Pharmacology,Jenkins-Weinrub,Nursing8,NURS 251A,1,Primary Care I,Kilborn,Nursing9,NURS 251AL,1,Primary Care I Lab,,Nursing10,NURS 251BL,1,Primary Care II Lab,,Nursing11,NURS 252L,1,Primary Care Thru Lifespan III Lab,,Nursing12,NURS 253,1,Pri Care Thru Lifespan III,Mangini,Nursing13,NURS 261,1,Theories Of Nursing,Jenkins-Weinrub,Nursing14,NURS 262,1,Teaching Strategies,,Nursing15,NURS 265B,1,Clinical Faculty Pract II,Canton,Nursing1,EDUC 375,1,US: Constitution Prep,Patrinos,Education2,EDUC 393A,1,Health Education for Teachers,Clayton,Education1,EDUC 468B,1,Role of the Educational Therapist,Marshall,Education2,NURS 423,1,Finance and Budgeting in Healthcare,Maxworthy,Nursing3,NURS 424,1,Human Resource Manage/Develop,Jenkins-Weinrub,Nursing4,NURS 435,1,Prov Ldrship/Hlth Dev/Div Pop/Comm II,Jenkins-Weinrub,Nursing5,NURS 441,1,Primary Care Family Thru Lifespan I,Mangini,Nursing6,NURS 444,1,Advanced Pharmacology,Corpuz,Nursing7,NURS 451A,1,Primary Care Family/life:Role Perf I,Kilborn,Nursing8,NURS 451AL,1,Primary Care I Lab,,Nursing9,NURS 451BL,1,Primary Care II Lab,,Nursing10,NURS 452L,1,Primary Care Thru Lifespan III,,Nursing11,NURS 453,1,Primary Care Thru Lifespan IV,Mangini,Nursing12,NURS 453L,1,Primary Care Thru Lifespan IV Lab,,Nursing13,NURS 461,1,Concepts & Theories,Jenkins-Weinrub,Nursing14,NURS 462,1,Teaching Strategies,,Nursing15,NURS 465B,1,Clinical Faculty Practicum II,Canton,Nursing16,SPIR 443,1,Painting as Spontaneous Expression,Houck,Spirituality17,SPIR 462A,1,IndigenousWisdomThruAncestralStories,Walking Tree,Spirituality